{"_wandb":{"runtime":3904},"train/reward":-0.05357143096625805,"train/learning_rate":1e-05,"_runtime":3902.21873468,"train/rewards/calculate_reward":-0.05357143096625805,"train/epoch":0.5,"train/global_step":25,"completions":{"size":360439,"artifact_path":"wandb-client-artifact://1fogsmruubd3s5t740w3wxu4etepcsu5ex9edosjettzcw7nznkyvbv1wts66hnybbqq7rfe0rql6kkw3tt9ovl4nomg36cnsc0col6i3o3czliwvuvdmy7hazwlv3mn/completions.table.json","_latest_artifact_path":"wandb-client-artifact://1xanpidgfm9ul1b6s7q654isdx2ewn4j7yw45j3bkybbp9sebemyvxkom2e2an79ywrnvvzgkitfbfhkwp3w8st9s8m0ij30regnl8dxsp96at53k73cotq9gyai9rlj:latest/completions.table.json","path":"media/table/completions_25_dc8199963cd5f0f373ea.table.json","ncols":4,"nrows":28,"_type":"table-file","sha256":"dc8199963cd5f0f373ea220d252ffa8144cb4feb2686f0a69d5d367a633bf62b"},"_step":25,"train/kl":3.6927417755126952,"train/grad_norm":0.05083556845784187,"train/loss":0.1477,"_timestamp":1.7398234122776327e+09,"train/reward_std":0.06055851578712464,"train/completion_length":3039.0483459472657}